Prof,DT
1000,NaN
1250,153.25
1300,154.4
1350,150.6
1400,153.8
1450,151.4
1500,147.4
1550,142.6
1600,146
1650,140.4
1700,143.8
1750,136.6
1800,137.2
1850,132.4
1900,129.8
1950,124.6
2000,125.8
2050,123.2
2100,116.4
2150,115.6
2200,118.4
2250,143.5555556
2300,140.6666667
2350,137.4444444
2400,134.2222222
2450,137.7777778
2500,137.7777778
2550,136.4444444
2600,129.8888889
2650,126.2222222
2700,124.5555556
2750,127
2800,129.6666667
2850,128.6666667
2900,128.6666667
2950,126.2222222
3000,122.8888889
3050,121.8888889
3100,121
3150,110.17
3200,103.5
3250,101.43
3300,103.04
3350,104.65
3400,103.96
3450,104.19
3500,102.2096
3550,105.2276
3600,109.2516
3650,101.0024
3700,105.63
3750,109.8552
3800,105.8
3850,102
3900,99.6
3950,98.4
4000,99.4
4050,90.54
4100,89.64
4150,88.38
4200,90
4250,90.36
4300,94.5
4350,95.76
4400,97.74
4450,99
4500,92
